Best Cost,Number of Nodes Expanded,CPU Runtime,Real Runtime
3.999999999999999,6787,-1.8449078,-1.8063054084777832
