Best Cost,CPU Runtime,Real Runtime
3.9999999999999996,-2.170498199999999,-2.1704790592193604
