Best Cost,Number of Nodes Expanded,CPU Runtime,Real Runtime
4.0,19,-0.0003435000000000521,-0.0003452301025390625
