Best Cost,Number of Nodes Expanded,CPU Runtime,Real Runtime
4.436316,19,-0.0004182999999999826,-0.00041794776916503906
