Best Cost,Number of Nodes Expanded,CPU Runtime,Real Runtime
3.999999999999999,1567728,-1.5271024000000004,-1.5270798206329346
